{"uvSize":[620.5439,318],"uvSymbolOffset":[0,-106],"uvSymbolSize":[38.784,53],"symbolSize":[0.7317735,1],"letterWidths":[0.0,46.9375,0.0,0.0,0.0,0.0,0.0,0.0,0.0,0.0208333,0.0,0.0,0.0,0.0,0.0,0.0,0.0,0.0,0.0,0.0,0.0,0.0,0.0,0.0,0.0,0.0,0.0,0.0,0.0,0.0,0.0,0.0,21.2,7.338665,12.24533,24.91733,21.16266,38.784,24.53333,7.807999,11.47733,11.47733,17.152,21.20533,6.144,14.63467,5.546666,24.78933,21.16266,21.16266,21.16266,21.16266,21.16266,21.16266,21.16266,21.20533,21.16266,21.16266,5.845333,6.144,22.22933,21.16266,22.22933,17.87733,33.02399,21.16266,21.16266,19.02933,21.16266,19.02933,18.73067,21.16266,21.16266,7.338665,21.16266,21.16266,20.56533,34.98666,21.16266,21.16266,21.16266,21.248,21.248,21.16266,17.536,21.16266,21.248,35.02933,18.64533,21.16266,18.048,11.34933,12.33067,11.34933,24.61866,19.62667,6.783999,21.16266,21.16266,19.02933,21.16266,19.02933,18.73067,21.16266,21.16266,7.338665,21.16266,21.16266,20.56533,34.98666,21.16266,21.16266,21.16266,21.248,21.248,21.16266,17.536,21.16266,21.248,35.02933,18.64533,21.16266,18.048,12.97066,6.954666,12.97066,19.584,0.0,0.0,0.0,23.45833,23.45833,0.0,0.0,23.45833,23.45833,17.10417,36.70833,22.6875,23.45833,46.83333,0.0,0.0,0.0,0.0,9.395833,9.395833,19.70833,19.70833,0.0,24.9375,46.66666,15.85417,43.6875,17.10417,11.72917,26.08333,0.0,0.0,32.8125,10.66667,7.338665,19.84,22.82666,19.456,21.71733,11.9375,20.90666,10.496,36.77866,18.90133,16.98133,24.23466,0.0,36.77866,12.75733,15.616,26.85417,15.3125,15.3125,6.783999,25.58333,25.17333,5.546666,7.893332,15.3125,18.944,16.98133,38.35416,38.35416,38.35416,17.87733,21.16266,21.16266,21.16266,21.16266,21.16266,21.16266,33.83466,19.66933,19.02933,19.02933,19.02933,19.02933,7.338665,7.338665,7.338665,7.338665,33.20833,21.16266,21.16266,21.16266,21.16266,21.16266,21.16266,21.20533,21.41866,21.16266,21.16266,21.16266,21.16266,30.66666,30.66666,42.32533,21.16266,21.16266,21.16266,21.16266,21.16266,21.16266,33.83466,19.66933,19.02933,19.02933,19.02933,19.02933,7.338665,7.338665,7.338665,7.338665,25.58333,21.16266,21.16266,21.16266,21.16266,21.16266,21.16266,26.85417,21.41866,21.16266,21.16266,21.16266,21.16266,0.0,25.58333,21.16266]}